{"count":1,"gauges":{},"self":7.7664896,"total":8.2971782999999988,"children":{"AgentResetIfDone":{"count":360,"self":0.002949,"total":0.002949,"children":null},"AgentSendState":{"count":360,"self":0.0140065,"total":0.026947799999999997,"children":{"CollectObservations":{"count":360,"self":0.0129413,"total":0.0129413,"children":null}}},"DecideAction":{"count":360,"self":0.49571499999999996,"total":0.49571499999999996,"children":null},"AcademyStep":{"count":360,"self":0.0020149,"total":0.0020149,"children":null},"AgentAct":{"count":360,"self":0.0020531,"total":0.0020531,"children":null}}}